+15046218927,jbutt@gmail.com,James Butt
+18102929388,josephine_darakjy@darakjy.org,Josephine Darakjy
+18566368749,art@venere.org,Art Venere
+19073854412,lpaprocki@hotmail.com,Lenna Paprocki
+15135701893,donette.foller@cox.net,Donette Foller
+14195032484,simona@morasca.com,Simona Morasca
+17735736914,mitsue_tollner@yahoo.com,Mitsue Tollner
+14087523500,leota@hotmail.com,Leota Dilliard
+16054142147,sage_wieser@cox.net,Sage Wieser
+14106558723,kris@gmail.com,Kris Marrier
+12158741229,minna_amigon@yahoo.com,Minna Amigon
+16313353414,amaclead@gmail.com,Abel Maclead
+13104985651,kiley.caldarera@aol.com,Kiley Caldarera
+14407808425,gruta@cox.net,Graciela Ruta
+19565376195,calbares@gmail.com,Cammy Albares
+16022774385,mattie@aol.com,Mattie Poquette
+19313139635,meaghan@hotmail.com,Meaghan Garufi
+14146619598,gladys.rim@rim.org,Gladys Rim
+13132887937,yuki_whobrey@aol.com,Yuki Whobrey
+18158282147,fletcher.flosi@yahoo.com,Fletcher Flosi
+16105453615,bette_nicka@cox.net,Bette Nicka
+14085401785,vinouye@aol.com,Veronika Inouye
+19723039197,willard@hotmail.com,Willard Kolmetz
+15189667987,mroyster@royster.com,Maryann Royster
+17326583154,alisha@slusarski.com,Alisha Slusarski
+17156626764,allene_iturbide@cox.net,Allene Iturbide
+19133882079,chanel.caudy@caudy.org,Chanel Caudy
+14106691642,ezekiel@chui.com,Ezekiel Chui
+12125824976,wkusko@yahoo.com,Willow Kusko
+19363363951,bfigeroa@aol.com,Bernardo Figeroa
+16148019788,ammie@corrio.com,Ammie Corrio
+15059773911,francine_vocelka@vocelka.com,Francine Vocelka
+12017096245,ernie_stenseth@aol.com,Ernie Stenseth
+17329247882,albina@glick.com,Albina Glick
+12128601579,asergi@gmail.com,Alishia Sergi
+15049799175,solange@shinko.com,Solange Shinko
+12126758570,jose@yahoo.com,Jose Stockham
+18058326163,rozella.ostrosky@ostrosky.com,Rozella Ostrosky
+12108129597,valentine_gillian@gmail.com,Valentine Gillian
+17854637829,kati.rulapaugh@hotmail.com,Kati Rulapaugh
